decade,Mixed Policy
1960,0.9986935598826009
1970,0.9932131616659963
1980,0.5391175189046333
1990,0.16793277639956244
2000,0.020447849122692128
2010,0.010160776020459002
2020,0.0008319298806165993
