decade,Healthcare,National Security,Mixed Policy
1940,0.0007434775136705052,0.0007523178489002088,0.9977776611610476
1950,0.019212107383631126,0.0003058705554727722,0.9801824571103593
1960,0.00028445267123854216,0.04489555003914001,0.9545393188489144
1970,0.00011389823247708027,0.2730867255418605,0.7266876089654766
1980,0.00014410028423351916,0.6556875895349532,0.3440248740839704
1990,0.014938796807175261,0.8747903034392497,0.11011563210550125
2000,0.1014158312735788,0.5122006638794695,0.16396431092134353
2010,0.43784204444303376,0.13392318294841254,0.3794622070326767
2020,0.3896351121172196,0.026493508585449514,0.5817181490837993
